,Temperature_C,Vibration_Hz,Power_Consumption_kW,Network_Latency_ms,Packet_Loss_%,Quality_Control_Defect_Rate_%,Production_Speed_units_per_hr,Predictive_Maintenance_Score,Error_Rate_%
Temperature_C,1.0,0.00061,0.00459,-0.00247,0.00286,-0.00224,0.00145,-0.00219,-0.00181
Vibration_Hz,0.00061,1.0,0.00534,0.00755,0.0004,0.00036,-0.00133,0.00396,0.00458
Power_Consumption_kW,0.00459,0.00534,1.0,-0.00324,-0.0012,-0.00092,0.00197,0.00163,0.00089
Network_Latency_ms,-0.00247,0.00755,-0.00324,1.0,-0.00689,-0.00436,-0.00105,-0.0029,0.0001
Packet_Loss_%,0.00286,0.0004,-0.0012,-0.00689,1.0,-0.0049,-0.00712,0.00076,-0.00241
Quality_Control_Defect_Rate_%,-0.00224,0.00036,-0.00092,-0.00436,-0.0049,1.0,-0.00494,-0.00017,-0.00149
Production_Speed_units_per_hr,0.00145,-0.00133,0.00197,-0.00105,-0.00712,-0.00494,1.0,0.00351,0.00607
Predictive_Maintenance_Score,-0.00219,0.00396,0.00163,-0.0029,0.00076,-0.00017,0.00351,1.0,0.00452
Error_Rate_%,-0.00181,0.00458,0.00089,0.0001,-0.00241,-0.00149,0.00607,0.00452,1.0
