,count,mean,std,min,1%,5%,25%,50%,75%,95%,99%,max,skew,excess_kurtosis,ks_uniform_p
Temperature_C,100000.0,60.04146,17.32324,30.0,30.575,33.04295,45.0315,60.0335,74.96725,87.07905,89.403,89.999,-0.00095,-1.19586,0.82481
Vibration_Hz,100000.0,2.54996,1.41413,0.1,0.151,0.347,1.323,2.549,3.776,4.757,4.949,5.0,-2e-05,-1.20238,0.8617
Power_Consumption_kW,100000.0,5.74593,2.45127,1.5,1.58699,1.92,3.627,5.755,7.86,9.567,9.912,10.0,-0.00088,-1.19772,0.76221
Network_Latency_ms,100000.0,25.55562,14.12076,1.0,1.506,3.5009,13.355,25.536,37.79625,47.584,49.51201,50.0,-0.00087,-1.19483,0.30605
Packet_Loss_%,100000.0,2.49342,1.44327,0.0,0.04899,0.249,1.245,2.488,3.741,4.755,4.951,5.0,0.00841,-1.19539,0.16266
Quality_Control_Defect_Rate_%,100000.0,5.00881,2.88367,0.0,0.09999,0.511,2.52175,5.0035,7.506,9.5,9.901,10.0,0.00049,-1.20105,0.46834
Production_Speed_units_per_hr,100000.0,275.91632,130.09689,50.0,54.45787,72.84195,162.87375,276.649,388.8125,477.72305,495.60001,499.997,-0.01018,-1.20492,0.02163
Predictive_Maintenance_Score,100000.0,0.49938,0.28881,0.0,0.01,0.05,0.248,0.499,0.749,0.951,0.99,1.0,0.00289,-1.19982,0.39028
Error_Rate_%,100000.0,7.5041,4.3359,0.0,0.149,0.749,3.75,7.504,11.273,14.28,14.858,15.0,0.00093,-1.20101,0.78734
